{
  "final_equity": 0.9131740463151949,
  "total_return": -0.08682595368480506,
  "max_drawdown": -0.08849258538831262,
  "sharpe": -0.3377464583063289,
  "n_trades": 976,
  "win_rate": 0.2766393442622951,
  "avg_win": 0.0021862471647690826,
  "avg_loss": -0.0007060545255554174,
  "profit_factor": 1.18418643352609,
  "avg_trade_duration": 1.9047131147540983,
  "n_episodes": 5,
  "total_steps": 2500
}