{
  "r2": 0.7935623050029013,
  "rmse": 42269.12036875519,
  "mae": 34102.42530145205
}