model_name,accuracy,macro_f1,weighted_f1
Logistic Regression,0.5,0.5018674136321195,0.5004409171075838
Linear SVC,0.5740740740740741,0.576984126984127,0.5754850088183422
