model,train_time_sec,f1_macro,accuracy,roc_auc
random_forest,0.5467965602874756,1.0,1.0,1.0
logistic_regression,0.06826591491699219,0.3333333333333333,0.5,0.0
