{
    "accuracy": [
        0.4860139787197113,
        0.7902097702026367,
        0.807692289352417,
        0.8006992936134338,
        0.8041958212852478,
        0.8041958212852478,
        0.8041958212852478,
        0.7937062978744507
    ],
    "loss": [
        1.3260127305984497,
        1.0945768356323242,
        0.8673346042633057,
        0.6996009945869446,
        0.5897822380065918,
        0.5532886981964111,
        0.520702600479126,
        0.5046095252037048
    ],
    "val_accuracy": [
        0.5952380895614624,
        0.6190476417541504,
        0.6190476417541504,
        0.6190476417541504,
        0.6190476417541504,
        0.6190476417541504,
        0.6190476417541504,
        0.6190476417541504
    ],
    "val_loss": [
        1.252842664718628,
        1.0855581760406494,
        0.9512410163879395,
        0.9504004716873169,
        1.0729327201843262,
        1.2507025003433228,
        1.3305671215057373,
        1.4011296033859253
    ],
    "learning_rate": [
        0.0010000000474974513,
        0.0010000000474974513,
        0.0010000000474974513,
        0.0010000000474974513,
        0.0010000000474974513,
        0.0010000000474974513,
        0.0005000000237487257,
        0.0005000000237487257
    ]
}