{
  "0": {
    "precision": 0.3333333333333333,
    "recall": 0.09090909090909091,
    "f1-score": 0.14285714285714285,
    "support": 22.0
  },
  "1": {
    "precision": 0.5454545454545454,
    "recall": 0.8571428571428571,
    "f1-score": 0.6666666666666666,
    "support": 28.0
  },
  "accuracy": 0.52,
  "macro avg": {
    "precision": 0.43939393939393934,
    "recall": 0.474025974025974,
    "f1-score": 0.40476190476190477,
    "support": 50.0
  },
  "weighted avg": {
    "precision": 0.4521212121212121,
    "recall": 0.52,
    "f1-score": 0.43619047619047613,
    "support": 50.0
  }
}