model,train_time_sec,f1_macro,accuracy,roc_auc
random_forest,0.5894510746002197,1.0,1.0,1.0
logistic_regression,0.14818239212036133,0.3333333333333333,0.5,0.0
