{
  "classification_report": {
    "high": {
      "precision": 0.6777777777777778,
      "recall": 0.6224489795918368,
      "f1-score": 0.648936170212766,
      "support": 196.0
    },
    "low": {
      "precision": 0.7797927461139896,
      "recall": 0.7506234413965087,
      "f1-score": 0.7649301143583227,
      "support": 401.0
    },
    "medium": {
      "precision": 0.7161716171617162,
      "recall": 0.7547826086956522,
      "f1-score": 0.7349703640982218,
      "support": 575.0
    },
    "accuracy": 0.7312286689419796,
    "macro avg": {
      "precision": 0.7245807136844945,
      "recall": 0.7092850098946659,
      "f1-score": 0.7162788828897702,
      "support": 1172.0
    },
    "weighted avg": {
      "precision": 0.7315187845598473,
      "recall": 0.7312286689419796,
      "f1-score": 0.7308331267712176,
      "support": 1172.0
    }
  },
  "confusion_matrix": [
    [
      122,
      1,
      73
    ],
    [
      1,
      301,
      99
    ],
    [
      57,
      84,
      434
    ]
  ]
}