{
  "accuracy": 0.8733333333333333,
  "avg_probability": [
    0.14872050036621054,
    0.5400186960852021,
    0.31126080354858693
  ],
  "confusion_matrix": [
    [
      96,
      38,
      3
    ],
    [
      12,
      443,
      16
    ],
    [
      1,
      44,
      247
    ]
  ],
  "macro_f1": 0.8517835657693279,
  "per_class": {
    "High": {
      "f1-score": 0.8853046594982079,
      "precision": 0.9285714285714286,
      "recall": 0.8458904109589042,
      "support": 292.0
    },
    "Low": {
      "f1-score": 0.7804878048780488,
      "precision": 0.8807339449541285,
      "recall": 0.7007299270072993,
      "support": 137.0
    },
    "Medium": {
      "f1-score": 0.8895582329317269,
      "precision": 0.8438095238095238,
      "recall": 0.940552016985138,
      "support": 471.0
    },
    "accuracy": 0.8733333333333333,
    "macro avg": {
      "f1-score": 0.8517835657693279,
      "precision": 0.8843716324450269,
      "recall": 0.8290574516504471,
      "support": 900.0
    },
    "weighted avg": {
      "f1-score": 0.8715752417251255,
      "precision": 0.8769307703509538,
      "recall": 0.8733333333333333,
      "support": 900.0
    }
  }
}