{
    "vol_5d":{
        "0":0.0104224558,
        "1":0.0069249741,
        "2":0.0133632246,
        "3":0.0593324945
    },
    "vol_20d":{
        "0":0.0087642022,
        "1":0.007674196,
        "2":0.0326940004,
        "3":0.0326700973
    },
    "vol_acc":{
        "0":1.1593299559,
        "1":0.9096800548,
        "2":0.4056401646,
        "3":1.8179392431
    },
    "vol_z":{
        "0":1.6228443362,
        "1":-0.3253309995,
        "2":-0.6133072247,
        "3":0.328654871
    },
    "bb_width":{
        "0":0.0606990311,
        "1":0.054922886,
        "2":0.1510892112,
        "3":0.1751505933
    },
    "rsi_14":{
        "0":47.7925298562,
        "1":61.2820628093,
        "2":51.0245870836,
        "3":45.0872452635
    },
    "ret_1d":{
        "0":-0.0105078004,
        "1":0.0029908315,
        "2":0.002953662,
        "3":0.0171887498
    },
    "slope_10":{
        "0":-0.0015772648,
        "1":0.0012718104,
        "2":0.0033856454,
        "3":-0.004761334
    }
}