{
  "accuracy": 0.9011111111111111,
  "avg_probability": [
    0.1495160013437271,
    0.5391101241111755,
    0.3113737106323242
  ],
  "confusion_matrix": [
    [
      101,
      33,
      3
    ],
    [
      7,
      453,
      11
    ],
    [
      2,
      33,
      257
    ]
  ],
  "macro_f1": 0.8819771775179833,
  "per_class": {
    "High": {
      "f1-score": 0.9129662522202486,
      "precision": 0.948339483394834,
      "recall": 0.8801369863013698,
      "support": 292.0
    },
    "Low": {
      "f1-score": 0.8178137651821862,
      "precision": 0.9181818181818182,
      "recall": 0.7372262773722628,
      "support": 137.0
    },
    "Medium": {
      "f1-score": 0.9151515151515152,
      "precision": 0.8728323699421965,
      "recall": 0.9617834394904459,
      "support": 471.0
    },
    "accuracy": 0.9011111111111111,
    "macro avg": {
      "f1-score": 0.8819771775179833,
      "precision": 0.913117890506283,
      "recall": 0.8597155677213594,
      "support": 900.0
    },
    "weighted avg": {
      "f1-score": 0.8996255501273731,
      "precision": 0.9042334272055278,
      "recall": 0.9011111111111111,
      "support": 900.0
    }
  }
}