{
    "accuracy": 0.1375,
    "macro_f1": 0.12087912087912088,
    "class_metrics": {
        "0": {
            "precision": 0.13924050632911392,
            "recall": 0.9166666666666666,
            "f1": 0.24175824175824176,
            "support": 12
        },
        "1": {
            "precision": 0.0,
            "recall": 0.0,
            "f1": 0.0,
            "support": 68
        }
    }
}