model,train_time_sec,r2,rmse,mae
linear_regression,0.06602263450622559,0.8838455019886748,31706.384768157724,26541.714581622567
random_forest,1.0086643695831299,0.7935623050029013,42269.12036875519,34102.42530145205
