{
  "r2": 0.8838455019886748,
  "rmse": 31706.384768157724,
  "mae": 26541.714581622567
}