{
  "f1_macro": 0.40476190476190477,
  "accuracy": 0.52,
  "roc_auc": 0.4740259740259741
}