{
  "0": {
    "precision": 0.7692307692307693,
    "recall": 0.45454545454545453,
    "f1-score": 0.5714285714285714,
    "support": 22.0
  },
  "1": {
    "precision": 0.6756756756756757,
    "recall": 0.8928571428571429,
    "f1-score": 0.7692307692307693,
    "support": 28.0
  },
  "accuracy": 0.7,
  "macro avg": {
    "precision": 0.7224532224532225,
    "recall": 0.6737012987012987,
    "f1-score": 0.6703296703296704,
    "support": 50.0
  },
  "weighted avg": {
    "precision": 0.7168399168399168,
    "recall": 0.7,
    "f1-score": 0.6821978021978022,
    "support": 50.0
  }
}