{
  "f1_macro": 0.6703296703296704,
  "accuracy": 0.7,
  "roc_auc": 0.6623376623376622
}