{
    "accuracy": [
        0.7202796936035156,
        0.811188817024231,
        0.8286713361740112,
        0.8251748085021973,
        0.8356643319129944
    ],
    "loss": [
        0.7720634937286377,
        0.45288971066474915,
        0.41478872299194336,
        0.3832534849643707,
        0.3720075488090515
    ],
    "val_accuracy": [
        0.6190476417541504,
        0.6190476417541504,
        0.6190476417541504,
        0.6190476417541504,
        0.6190476417541504
    ],
    "val_loss": [
        3.8080408573150635,
        4.656777381896973,
        5.423755168914795,
        5.490808963775635,
        5.681887626647949
    ],
    "learning_rate": [
        0.0010000000474974513,
        0.0010000000474974513,
        0.0010000000474974513,
        0.0005000000237487257,
        0.0005000000237487257
    ]
}